City_ID,City,Country,Lat,Lng,Max Temp,Humidity,Cloudiness,Wind Speed,Weather Description
0,Belmonte,BR,-15.8631,-38.8828,72.28,90,92,1.88,overcast clouds
1,Udachnyy,RU,66.4167,112.4,-8.5,98,100,2.95,overcast clouds
2,Thompson,CA,55.7435,-97.8558,24.96,100,100,0.0,light snow
3,Tuatapere,NZ,-46.1333,167.6833,58.6,52,94,7.76,overcast clouds
4,Cherskiy,RU,68.75,161.3,-38.42,100,32,1.3,scattered clouds
5,Atuona,PF,-9.8,-139.0333,78.51,72,36,17.4,scattered clouds
6,Bluff,NZ,-46.6,168.3333,60.8,59,85,5.53,overcast clouds
7,Hermanus,ZA,-34.4187,19.2345,61.81,71,2,8.14,clear sky
8,Salalah,OM,17.0151,54.0924,78.89,47,20,2.3,few clouds
9,Muhos,FI,64.808,25.9931,10.18,96,100,3.74,overcast clouds
10,Hilo,US,19.7297,-155.09,73.13,78,100,8.05,overcast clouds
11,Baruun-Urt,MN,46.6806,113.2792,22.46,53,89,5.39,overcast clouds
12,Khatanga,RU,71.9667,102.5,-37.37,100,35,4.43,scattered clouds
13,Saskylakh,RU,71.9167,114.0833,-38.9,100,54,1.81,broken clouds
14,Mataura,NZ,-46.1927,168.8643,60.48,39,83,4.03,broken clouds
15,Lebu,CL,-37.6167,-73.65,57.13,90,94,11.21,overcast clouds
16,Mumford,GH,5.2618,-0.759,78.4,81,9,2.93,clear sky
17,Wawa,NG,9.9022,4.4192,70.12,32,2,3.02,clear sky
18,East London,ZA,-33.0153,27.9116,67.14,88,0,5.75,clear sky
19,Provideniya,RU,64.3833,-173.3,12.31,62,20,20.13,few clouds
20,Qaanaaq,GL,77.484,-69.3632,11.46,81,56,4.92,broken clouds
21,Ingham,US,42.6,-84.3833,35.55,77,0,0.0,clear sky
22,Zhob,PK,31.3411,69.4481,56.88,21,3,3.24,clear sky
23,Carutapera,BR,-1.195,-46.02,75.99,91,9,5.28,clear sky
24,New Norfolk,AU,-42.7826,147.0587,63.9,29,11,7.0,few clouds
25,Busselton,AU,-33.65,115.3333,76.21,50,28,9.95,scattered clouds
26,Port Elizabeth,ZA,-33.918,25.5701,69.31,91,0,5.75,clear sky
27,Port Alfred,ZA,-33.5906,26.891,71.82,69,3,5.82,clear sky
28,Entre Rios,BR,-11.9419,-38.0844,68.88,97,30,2.13,scattered clouds
29,Hobart,AU,-42.8794,147.3294,65.05,38,0,17.27,clear sky
30,Caluquembe,AO,-13.7833,14.6833,61.83,86,100,2.39,light rain
31,Umm Kaddadah,SD,13.6017,26.6876,67.37,33,5,13.53,clear sky
32,Barrow,US,71.2906,-156.7887,10.42,85,100,16.11,light snow
33,Kavieng,PG,-2.5744,150.7967,85.68,61,32,11.88,scattered clouds
34,Colares,PT,38.7992,-9.4469,65.34,89,97,15.99,overcast clouds
35,Yellowknife,CA,62.456,-114.3525,27.12,100,100,5.75,light snow
36,Jiblah,YE,13.9216,44.1467,58.6,56,0,5.06,clear sky
37,Melbu,NO,68.5044,14.8297,35.42,48,74,10.36,broken clouds
38,Sao Jose Da Coroa Grande,BR,-8.8978,-35.1478,76.19,77,48,6.96,scattered clouds
39,Paamiut,GL,61.994,-49.6678,25.5,75,99,6.73,overcast clouds
40,Yulara,AU,-25.2406,130.9889,70.86,33,100,20.96,overcast clouds
41,Ilulissat,GL,69.2167,-51.1,15.82,92,57,4.61,broken clouds
42,Touros,BR,-5.1989,-35.4608,78.85,66,100,14.36,overcast clouds
43,Bathsheba,BB,13.2167,-59.5167,81.21,83,75,19.57,light intensity shower rain
44,Zhigansk,RU,66.7697,123.3711,-27.2,98,100,4.16,overcast clouds
45,Arraial Do Cabo,BR,-22.9661,-42.0278,73.02,90,100,23.04,overcast clouds
46,Torbay,CA,47.6666,-52.7314,31.57,86,75,25.32,broken clouds
47,Tambo,PE,-14.8,-73.9167,35.47,65,98,1.45,overcast clouds
48,Butaritari,KI,3.0707,172.7902,82.11,72,90,9.42,overcast clouds
49,Avarua,CK,-21.2078,-159.775,75.25,83,75,18.41,broken clouds
50,Paveh,IR,35.0434,46.3565,51.71,35,100,4.54,overcast clouds
51,Kruisfontein,ZA,-34.0033,24.7314,60.89,62,2,5.48,clear sky
52,Rikitea,PF,-23.1203,-134.9692,73.29,86,41,10.87,light rain
53,Waipawa,NZ,-41.4122,175.5153,60.58,54,15,20.07,few clouds
54,Punta Arenas,CL,-53.15,-70.9167,42.91,75,40,24.16,scattered clouds
55,Cascavel,BR,-24.9558,-53.4553,62.08,98,55,5.37,broken clouds
56,Coquimbo,CL,-29.9533,-71.3436,58.73,82,100,3.44,overcast clouds
57,Tuburan,PH,6.6439,122.2736,86.09,71,61,5.57,broken clouds
58,Jamestown,US,42.097,-79.2353,38.84,52,0,5.75,clear sky
59,Superior,US,46.7208,-92.1041,27.48,84,0,6.91,clear sky
60,Cairns,AU,-16.9167,145.7667,100.06,49,49,10.36,scattered clouds
61,Porosozero,RU,62.7191,32.727,16.11,86,32,6.64,scattered clouds
62,Terney,RU,45.0503,136.6092,35.11,45,99,3.65,overcast clouds
63,Longyearbyen,SJ,78.2186,15.6401,35.44,80,75,21.85,light rain
64,Kununurra,AU,-15.7667,128.7333,91.38,55,75,9.22,broken clouds
65,Ushuaia,AR,-54.8,-68.3,40.66,87,75,29.93,moderate rain
66,Fort Saint James,CA,54.4333,-124.25,19.62,99,83,1.86,broken clouds
67,Port Lincoln,AU,-34.7333,135.8667,63.43,54,91,9.73,overcast clouds
68,San Antonio,US,29.4241,-98.4936,53.11,95,100,4.61,mist
69,Gamba,GA,-2.65,10.0,75.29,91,100,4.07,moderate rain
70,Albany,US,42.6001,-73.9662,35.42,73,20,3.76,few clouds
71,Vaini,TO,-21.2,-175.2,82.56,69,75,6.91,broken clouds
72,Warwick,US,41.7001,-71.4162,43.9,77,0,10.36,clear sky
73,Georgetown,MY,5.4112,100.3354,84.13,90,20,5.99,few clouds
74,Abu Samrah,SY,35.3029,37.1841,54.75,71,0,1.97,clear sky
75,Nagyatad,HU,46.2296,17.3579,38.66,95,100,15.57,light rain
76,Qui Nhon,VN,13.7667,109.2333,80.58,88,100,5.61,overcast clouds
77,Codrington,AU,-38.2667,141.9667,59.72,70,79,15.66,broken clouds
78,Havelock,US,34.8791,-76.9013,55.38,88,20,0.0,few clouds
79,Nikolskoye,RU,59.7035,30.7861,26.49,94,100,7.02,light snow
80,Arroyo,ES,41.6096,-4.7969,57.6,92,100,24.16,mist
81,Ormstown,CA,45.1334,-73.9992,31.96,97,100,3.31,light snow
82,Puerto Suarez,BO,-18.95,-57.8,70.0,87,87,4.18,overcast clouds
83,Mahebourg,MU,-20.4081,57.7,82.26,61,20,3.44,smoke
84,Hasaki,JP,35.7333,140.8333,55.8,85,100,24.16,light rain
85,Komsomolskiy,UZ,40.4272,71.7189,45.32,87,100,2.3,mist
86,Ambulu,ID,-8.345,113.6058,83.3,73,100,4.05,overcast clouds
87,Carnarvon,AU,-24.8667,113.6333,77.5,59,0,13.18,clear sky
88,Ampanihy,MG,-24.7,44.75,76.1,57,0,10.4,clear sky
89,Kapaa,US,22.0752,-159.319,80.58,83,20,13.8,few clouds
90,Ushtobe,KZ,45.2514,77.9838,36.43,88,100,8.34,overcast clouds
91,Bredasdorp,ZA,-34.5322,20.0403,64.87,62,4,6.17,clear sky
92,Mayo,US,38.8876,-76.5119,45.19,66,0,4.61,clear sky
93,Pisco,PE,-13.7,-76.2167,64.45,88,100,2.3,smoke
94,Victoria,HK,22.2855,114.1577,78.85,87,100,8.99,overcast clouds
95,Berlevag,NO,70.8578,29.0864,26.6,86,22,13.8,few clouds
96,Mar Del Plata,AR,-38.0023,-57.5575,55.87,80,0,11.99,clear sky
97,Gorin,RU,51.1983,136.6669,19.33,60,13,7.61,few clouds
98,Nhulunbuy,AU,-12.2333,136.7667,88.41,62,75,6.91,broken clouds
99,Tuktoyaktuk,CA,69.4541,-133.0374,14.0,92,100,13.8,overcast clouds
100,Gorontalo,ID,0.5412,123.0595,85.26,72,93,3.09,overcast clouds
101,Manaure,CO,11.7751,-72.4445,77.22,86,2,8.81,clear sky
102,Lompoc,US,34.6391,-120.4579,58.93,87,0,3.44,clear sky
103,Raudeberg,NO,61.9875,5.1352,43.86,47,100,13.73,overcast clouds
104,Iqaluit,CA,63.7506,-68.5145,-0.31,84,20,5.75,few clouds
105,Lavrentiya,RU,65.5833,-171.0,5.2,90,100,15.23,overcast clouds
106,Dunedin,NZ,-45.8742,170.5036,54.14,84,90,11.14,overcast clouds
107,Cape Town,ZA,-33.9258,18.4232,62.11,87,20,11.5,few clouds
108,Norman Wells,CA,65.282,-126.8329,17.64,93,100,10.36,light snow
109,Mogok,MM,22.9167,96.5,77.47,37,3,2.13,clear sky
110,Kitob,UZ,39.0843,66.8332,63.32,29,84,2.37,broken clouds
111,Maunabo,PR,18.0072,-65.8993,80.44,87,20,14.79,few clouds
112,Yantal,RU,56.8471,105.2542,19.04,74,100,6.98,overcast clouds
113,Vorotynets,RU,56.0603,45.8633,28.71,94,100,14.23,snow
114,Hamburg,DE,53.55,10.0,38.28,96,100,9.22,overcast clouds
115,Adana,TR,36.985,35.2881,55.92,87,20,5.75,few clouds
116,Grindavik,IS,63.8424,-22.4338,37.87,65,0,28.77,clear sky
117,Kodiak,US,57.79,-152.4072,31.51,55,100,10.36,overcast clouds
118,Aykhal,RU,66.0,111.5,-9.72,98,100,3.31,overcast clouds
119,Lieksa,FI,63.3167,30.0167,18.09,89,79,9.71,broken clouds
120,Half Moon Bay,US,37.4636,-122.4286,57.99,79,75,16.11,broken clouds
121,Sobolevo,RU,54.4299,31.8996,20.17,98,89,5.28,overcast clouds
122,Galle,LK,6.0367,80.217,83.07,69,43,12.39,scattered clouds
123,Chapais,CA,49.7834,-74.8492,19.18,95,100,7.09,overcast clouds
124,Davila,PH,18.4726,120.5763,85.98,70,70,6.15,broken clouds
125,Goderich,CA,43.7501,-81.7165,41.92,75,54,9.22,broken clouds
126,Najran,SA,17.4924,44.1277,54.25,38,0,2.64,clear sky
127,Kendari,ID,-3.945,122.4989,85.82,71,100,4.63,overcast clouds
128,Ballina,AU,-28.8667,153.5667,82.02,40,75,14.43,broken clouds
129,Westport,US,41.1415,-73.3579,47.75,62,0,5.01,clear sky
130,Srandakan,ID,-7.9386,110.2506,83.37,70,100,5.75,light rain
131,Castro,BR,-24.7911,-50.0119,59.04,94,100,2.17,overcast clouds
132,Makushino,RU,55.2103,67.2442,4.03,85,8,2.93,clear sky
133,Presidencia Roque Saenz Pena,AR,-26.7852,-60.4388,59.13,49,0,2.08,clear sky
134,Sembe,CG,1.6481,14.5806,68.86,95,49,0.6,scattered clouds
135,Wilmington,US,34.2257,-77.9447,55.9,74,0,4.61,clear sky
136,Namibe,AO,-15.1961,12.1522,71.62,73,97,3.56,overcast clouds
137,Dikson,RU,73.5069,80.5464,-18.04,94,83,6.38,broken clouds
138,Hervey Bay,AU,-25.2986,152.8535,80.02,66,85,11.01,overcast clouds
139,Inhambane,MZ,-23.865,35.3833,77.0,73,40,14.0,scattered clouds
140,Callaway,US,30.153,-85.5699,60.85,81,20,3.44,few clouds
141,San Quintin,MX,30.4833,-115.95,59.9,64,34,6.89,scattered clouds
142,Boden,SE,65.8252,21.6886,5.0,85,79,3.47,broken clouds
143,San Isidro,PE,-12.1167,-77.05,67.59,80,0,9.22,clear sky
144,Necochea,AR,-38.5473,-58.7368,59.85,44,71,14.36,broken clouds
145,Dolinsk,RU,47.35,142.8,33.37,68,23,9.26,few clouds
146,Margate,GB,51.3813,1.3862,51.22,75,24,16.51,few clouds
147,Kuching,MY,1.55,110.3333,91.62,62,20,5.01,few clouds
148,Ribeira Grande,PT,38.5167,-28.7,60.78,81,100,1.99,overcast clouds
149,Upernavik,GL,72.7868,-56.1549,18.41,82,76,4.63,broken clouds
150,Lasa,IT,46.6166,10.7002,36.48,94,73,6.22,broken clouds
151,Puerto Ayora,EC,-0.7393,-90.3518,68.56,96,60,5.17,broken clouds
152,Kenai,US,60.5544,-151.2583,32.14,95,100,14.97,mist
153,Saldanha,ZA,-33.0117,17.9442,61.81,83,0,11.99,clear sky
154,Nome,US,64.5011,-165.4064,21.27,86,100,0.0,overcast clouds
155,Ngunguru,NZ,-35.6167,174.5,68.11,51,5,11.61,clear sky
156,Areka,ET,7.0667,37.7,62.78,52,31,7.0,scattered clouds
157,Tasiilaq,GL,65.6145,-37.6368,35.76,79,100,18.05,overcast clouds
158,Neiafu,TO,-18.65,-173.9833,81.28,83,75,10.36,broken clouds
159,Palmares Do Sul,BR,-30.2578,-50.5097,66.54,91,100,5.59,overcast clouds
160,Mumbwa,ZM,-14.9783,27.0619,69.93,77,99,5.06,overcast clouds
161,Tazmalt,DZ,36.3868,4.3989,57.36,67,91,5.68,overcast clouds
162,Moose Factory,CA,51.2585,-80.6094,8.6,85,0,5.75,clear sky
163,Choma,ZM,-16.8065,26.9531,69.01,71,93,5.06,overcast clouds
164,Kitgum,UG,3.2783,32.8867,67.59,86,90,3.94,light rain
165,Arklow,IE,52.7931,-6.1414,49.08,85,100,30.51,overcast clouds
166,Tiksi,RU,71.6872,128.8694,-23.98,100,98,3.8,overcast clouds
167,Pangkalanbuun,ID,-2.6833,111.6167,94.89,41,84,4.03,light rain
168,Leningradskiy,RU,69.3833,178.4167,-12.15,94,100,6.55,overcast clouds
169,Geraldton,AU,-28.7667,114.6,75.61,53,3,13.8,clear sky
170,Samarskoye,RU,46.9336,39.6814,45.84,74,36,13.73,scattered clouds
171,Dale,US,38.1689,-86.99,43.66,60,0,3.44,clear sky
172,Rawson,AR,-43.3002,-65.1023,68.32,45,71,17.2,broken clouds
173,Narsaq,GL,60.9167,-46.05,43.02,76,100,2.77,overcast clouds
174,Muravlenko,RU,63.7898,74.523,-20.09,97,44,9.46,scattered clouds
175,Kelo,TD,9.3086,15.8066,66.92,20,2,5.79,clear sky
176,Kutum,SD,14.2,24.6667,61.5,37,12,6.31,few clouds
177,Marrakesh,MA,31.6315,-8.0083,53.67,71,0,2.3,clear sky
178,Cabo San Lucas,MX,22.8909,-109.9124,72.52,76,37,8.03,scattered clouds
179,Vanimo,PG,-2.6741,141.3028,84.7,68,79,6.85,broken clouds
180,Nanortalik,GL,60.1432,-45.2371,31.96,87,100,6.53,overcast clouds
181,Ahuimanu,US,21.4447,-157.8378,78.51,70,20,13.8,few clouds
182,Airai,TL,-8.9266,125.4092,69.84,78,90,0.65,overcast clouds
183,Khandagayty,RU,50.7333,92.05,13.12,91,100,0.72,overcast clouds
184,Evensk,RU,61.95,159.2333,13.17,86,100,38.01,light snow
185,General Pico,AR,-35.6566,-63.7568,59.32,39,59,10.04,broken clouds
186,Tessalit,ML,20.1986,1.0114,69.71,18,100,9.98,overcast clouds
187,Las Vegas,US,36.175,-115.1372,53.08,28,0,8.05,clear sky
188,Verkhnyaya Sinyachikha,RU,57.976,61.6673,0.88,95,33,3.91,scattered clouds
189,Alice,US,27.7523,-98.0697,53.17,90,100,8.05,overcast clouds
190,Sistranda,NO,63.7256,8.834,39.16,57,100,33.64,overcast clouds
191,Esperance,AU,-33.8667,121.9,79.68,39,66,7.94,broken clouds
192,Basco,PH,20.4487,121.9702,82.18,76,99,12.24,overcast clouds
193,Luderitz,NA,-26.6481,15.1594,61.32,77,0,5.17,clear sky
194,Aparecida Do Taboado,BR,-20.0867,-51.0936,72.18,87,87,1.07,overcast clouds
195,Deming,US,32.2687,-107.7586,39.09,60,0,5.75,clear sky
196,Tautira,PF,-17.7333,-149.15,76.01,87,100,12.41,light rain
197,Novyy Urengoy,RU,66.0833,76.6333,-16.94,97,90,5.64,overcast clouds
198,Srednekolymsk,RU,67.45,153.6833,-37.7,100,74,5.14,broken clouds
199,Acurenam,GQ,1.0322,10.6488,65.57,98,70,0.56,broken clouds
200,Korla,CN,41.7597,86.1469,41.4,22,39,7.47,scattered clouds
201,Clyde River,CA,70.4692,-68.5914,3.43,78,100,21.85,overcast clouds
202,Avera,US,33.194,-82.5271,53.11,61,100,5.77,overcast clouds
203,Naze,JP,28.3667,129.4833,70.72,91,100,12.24,overcast clouds
204,Redmond,US,47.674,-122.1215,50.11,92,99,3.0,overcast clouds
205,Vilyuysk,RU,63.7553,121.6247,-6.83,95,100,1.54,overcast clouds
206,Truro,GB,50.2653,-5.0544,54.68,76,40,23.02,scattered clouds
207,Cabra,ES,37.4725,-4.4421,56.12,97,98,5.66,overcast clouds
208,Moorhead,US,46.8739,-96.7676,26.56,86,0,11.5,clear sky
209,Souillac,MU,-20.5167,57.5167,80.98,61,20,3.44,smoke
210,Rio Gallegos,AR,-51.6226,-69.2181,53.65,47,0,10.36,clear sky
211,Nago,JP,26.5881,127.9761,73.83,92,100,6.96,light rain
212,Simonesti,RO,46.3333,25.1,34.38,73,100,4.32,overcast clouds
213,Hithadhoo,MV,-0.6,73.0833,80.37,77,58,10.47,broken clouds
214,Talnakh,RU,69.4865,88.3972,-23.8,99,100,0.78,overcast clouds
215,Khorixas,NA,-20.3667,14.9667,69.37,39,28,5.53,scattered clouds
216,Saint-Joseph,RE,-21.3667,55.6167,79.18,68,39,8.81,scattered clouds
217,Mandalgovi,MN,45.7625,106.2708,30.04,53,60,9.48,broken clouds
218,Labuhan,ID,-6.8844,112.2051,88.27,58,100,2.28,overcast clouds
219,Amuntai,ID,-2.4177,115.2494,95.45,45,50,1.68,scattered clouds
220,Cap Malheureux,MU,-19.9842,57.6142,82.47,64,2,5.99,clear sky
221,Pontes E Lacerda,BR,-15.2261,-59.3353,70.54,93,90,2.24,overcast clouds
222,Lanzhou,CN,36.0564,103.7922,50.36,30,73,3.51,broken clouds
223,Campbellsville,US,37.3434,-85.3419,42.91,56,0,3.56,clear sky
224,Caravelas,BR,-17.7125,-39.2481,70.86,90,100,1.16,overcast clouds
225,Tommot,RU,58.9564,126.2925,1.92,91,82,3.04,broken clouds
226,Kolosovka,RU,56.4678,73.611,-6.86,93,21,8.41,few clouds
227,Bam,IR,29.106,58.357,62.64,23,0,0.54,clear sky
228,Caiaponia,BR,-16.9567,-51.8103,67.82,91,100,1.59,overcast clouds
229,Chara,RU,56.9064,118.2631,-2.09,78,70,0.58,broken clouds
230,Deputatskiy,RU,69.3,139.9,-32.22,100,98,1.01,overcast clouds
231,Mehamn,NO,71.0357,27.8492,26.55,93,0,11.5,clear sky
232,Kasongo-Lunda,CD,-6.4667,16.8167,67.75,98,96,0.11,overcast clouds
233,Simpang,ID,-1.2667,104.0833,79.38,87,100,0.27,overcast clouds
234,Coihaique,CL,-45.5752,-72.0662,57.15,72,75,5.75,broken clouds
235,Lagoa,PT,39.05,-27.9833,59.7,67,100,12.08,overcast clouds
236,Agapovka,RU,53.2973,59.1348,6.01,97,93,1.7,overcast clouds
237,Lima,PE,-12.0432,-77.0282,66.45,80,0,9.22,clear sky
238,Saint-Philippe,RE,-21.3585,55.7679,80.19,67,44,9.55,scattered clouds
239,Severo-Kurilsk,RU,50.6789,156.125,33.22,69,78,30.06,light snow
240,Santiago De Cao,PE,-7.9589,-79.2392,62.73,88,2,4.61,mist
241,Juegang,CN,32.3174,121.1855,62.98,68,80,8.39,broken clouds
242,Chicama,PE,-7.8447,-79.1469,61.34,80,4,2.84,clear sky
243,Ancud,CL,-41.8697,-73.8203,55.17,99,100,8.16,light rain
244,Coos Bay,US,43.3665,-124.2179,50.99,99,100,0.0,fog
245,Mbandaka,CD,0.0487,18.2603,69.6,95,67,2.82,broken clouds
246,Asfi,MA,32.2994,-9.2372,61.92,82,29,11.5,scattered clouds
247,Urumqi,CN,43.801,87.6005,29.35,93,75,4.47,fog
248,Umm Lajj,SA,25.0213,37.2685,78.55,56,47,7.81,scattered clouds
249,Kieta,PG,-6.2167,155.6333,85.48,63,37,3.6,scattered clouds
250,Dudinka,RU,69.4058,86.1778,-23.39,98,90,5.39,overcast clouds
251,Hays,US,30.0502,-98.0336,51.93,92,90,1.99,overcast clouds
252,Broome,US,42.2506,-75.833,37.17,74,6,3.0,clear sky
253,Nangwa,TZ,-4.4667,35.45,62.06,76,65,6.8,broken clouds
254,Dolores,AR,-36.3132,-57.6792,53.35,77,40,8.03,scattered clouds
255,Petropavlovsk-Kamchatskiy,RU,53.0452,158.6483,30.79,74,75,6.71,light shower snow
256,Harbour Breton,CA,47.4833,-55.7983,31.6,65,59,18.14,broken clouds
257,Lorengau,PG,-2.0226,147.2712,83.34,74,98,8.03,overcast clouds
258,Methoni,GR,36.8197,21.7049,59.22,67,100,21.63,overcast clouds
259,Solnechnyy,RU,50.7214,136.6319,19.92,62,11,4.47,few clouds
260,Fortuna,US,40.5982,-124.1573,54.99,94,75,3.44,broken clouds
261,Laurinburg,US,34.7741,-79.4628,51.46,82,40,0.0,scattered clouds
262,Turukhansk,RU,65.8167,87.9833,-31.05,96,24,4.23,few clouds
263,Warmbad,NA,-28.45,18.7333,67.39,39,0,7.11,clear sky
264,Dakoro,NE,14.5106,6.765,64.04,20,12,10.33,few clouds
265,Port Augusta,AU,-32.5,137.7667,74.7,33,0,8.86,clear sky
266,Kijini,TZ,-5.85,39.3167,76.73,76,10,7.87,clear sky
267,Manavalakurichi,IN,8.1333,77.3,83.84,54,33,12.73,scattered clouds
268,Lianran,CN,24.9227,102.485,63.14,40,50,7.05,scattered clouds
269,Meulaboh,ID,4.1363,96.1285,83.23,67,37,4.5,scattered clouds
270,Handan,CN,36.6006,114.4678,63.27,35,40,5.28,scattered clouds
271,Bereda,ES,43.2686,-7.5406,54.41,100,100,9.46,overcast clouds
272,Mazatlan,MX,23.2167,-106.4167,72.01,72,36,4.0,scattered clouds
273,Chumikan,RU,54.7183,135.315,12.61,71,20,24.65,few clouds
274,Vao,NC,-22.6667,167.4833,77.49,70,41,6.42,scattered clouds
275,Maiduguri,NG,11.8464,13.1603,65.16,41,3,6.51,clear sky
276,Riyadh,SA,24.6877,46.7219,51.94,21,0,0.67,clear sky
277,Sambava,MG,-14.2667,50.1667,76.82,77,98,7.09,overcast clouds
278,Marigot,MF,18.0667,-63.0833,80.38,78,20,16.11,few clouds
279,Tigil,RU,57.8,158.6667,27.25,79,100,27.25,overcast clouds
280,Pingliang,CN,35.5392,106.6861,47.59,63,100,6.31,overcast clouds
281,Brae,GB,60.3964,-1.353,47.14,84,100,29.73,light rain
282,Kalmunai,LK,7.4167,81.8167,82.35,71,93,2.53,overcast clouds
283,Alofi,NU,-19.0595,-169.9187,80.49,65,10,10.36,clear sky
284,Constitucion,CL,-35.3333,-72.4167,60.4,70,16,12.08,few clouds
285,Chokurdakh,RU,70.6333,147.9167,-26.66,99,98,3.91,overcast clouds
286,Valdosta,US,30.8327,-83.2785,58.98,82,40,4.61,scattered clouds
287,Ugoofaaru,MV,5.6667,73.0,81.37,72,34,11.9,scattered clouds
288,Marawi,PH,7.9986,124.2928,78.73,79,98,5.5,overcast clouds
289,Santa Rosa,PH,14.3122,121.1114,91.38,71,100,10.2,overcast clouds
290,Imbituba,BR,-28.24,-48.6703,68.34,96,49,5.17,scattered clouds
291,San Patricio,US,28.017,-97.5169,53.92,88,98,5.08,overcast clouds
292,Ketchikan,US,55.3422,-131.6461,45.07,87,100,3.44,light rain
293,Rudraprayag,IN,30.2833,78.9833,73.99,21,0,0.81,clear sky
294,Elk City,US,35.412,-99.4043,42.78,93,0,9.22,clear sky
295,Bambous Virieux,MU,-20.3428,57.7575,82.22,61,20,3.44,smoke
296,Pemba,MZ,-12.974,40.5178,79.5,88,40,5.99,scattered clouds
297,Cockburn Town,TC,21.4612,-71.1419,81.25,69,21,22.28,few clouds
298,High Level,CA,58.5169,-117.136,33.91,75,20,4.61,few clouds
299,Buchanan,LR,5.8808,-10.0467,75.96,89,22,4.52,light rain
300,Vila Velha,BR,-20.3297,-40.2925,71.94,95,75,4.61,broken clouds
301,Rovaniemi,FI,66.5,25.7167,17.01,92,100,5.75,overcast clouds
302,Skjervoy,NO,70.0311,20.9714,19.4,51,74,12.55,broken clouds
303,Panguna,PG,-6.3164,155.4848,79.63,65,40,2.15,light rain
304,Aripuana,BR,-9.1667,-60.6333,71.67,94,100,1.86,overcast clouds
305,Ulagan,RU,50.6321,87.9563,25.79,64,100,9.93,overcast clouds
306,Portsmouth,GB,50.799,-1.0913,52.97,88,65,11.01,broken clouds
307,Sao Joao Da Barra,BR,-21.6403,-41.0511,73.24,89,100,14.7,overcast clouds
308,Kihei,US,20.785,-156.4656,77.02,77,20,14.97,few clouds
309,Ostrovnoy,RU,68.0531,39.5131,35.26,79,97,7.83,overcast clouds
310,Adrar,MR,20.5022,-10.0711,57.54,19,0,10.45,clear sky
311,Devonport,AU,-41.1667,146.35,68.09,39,32,12.97,scattered clouds
312,Maceio,BR,-9.6658,-35.7353,72.84,94,40,2.3,scattered clouds
313,Belle Fourche,US,44.6714,-103.8522,42.31,42,27,6.2,scattered clouds
314,Upata,VE,8.0086,-62.3989,73.18,98,16,2.64,few clouds
315,Sawakin,SD,19.1059,37.3321,82.04,67,12,6.04,few clouds
316,Hami,CN,42.8,93.45,42.51,27,100,6.4,overcast clouds
317,Tosya,TR,41.0155,34.0401,44.1,65,48,3.0,scattered clouds
318,Hakkari,TR,37.5833,44.1667,40.12,46,55,1.95,broken clouds
319,Murgab,TM,37.4966,61.9714,48.07,53,0,4.61,clear sky
320,Kurchum,KZ,48.5722,83.6542,23.61,79,100,13.24,overcast clouds
321,Beringovskiy,RU,63.05,179.3167,-7.98,96,41,9.01,scattered clouds
322,Quatre Cocos,MU,-20.2078,57.7625,82.09,70,12,9.31,few clouds
323,Talaya,RU,61.3833,152.75,-9.89,99,100,5.7,light snow
324,Bethel,US,41.3712,-73.414,43.16,64,0,0.0,clear sky
325,Pacific Grove,US,36.6177,-121.9166,57.54,81,70,4.0,broken clouds
326,Inndyr,NO,67.0338,14.0276,32.77,65,46,14.29,scattered clouds
327,Saurimo,AO,-9.6608,20.3916,64.53,97,82,2.1,broken clouds
328,Beitbridge,ZW,-22.2167,30.0,77.34,48,26,15.61,scattered clouds
329,Demyansk,RU,57.643,32.466,27.61,96,100,5.97,light snow
330,Flinders,AU,-34.5833,150.8552,79.05,49,7,13.0,clear sky
331,Pombal,BR,-6.7703,-37.8017,77.95,68,6,12.37,clear sky
332,Husavik,IS,66.0449,-17.3389,35.87,76,40,21.09,scattered clouds
333,Brits,ZA,-25.6347,27.7802,66.18,62,62,4.07,broken clouds
334,Ahipara,NZ,-35.1667,173.1667,64.18,66,1,11.77,clear sky
335,Putyatino,RU,54.16,41.1169,35.46,100,100,6.35,light rain
336,Susanino,RU,58.1461,41.5872,23.65,94,100,9.66,light snow
337,Tagusao,PH,9.1924,117.8141,85.5,66,86,2.24,overcast clouds
338,Kaitangata,NZ,-46.2817,169.8464,53.17,88,75,10.8,broken clouds
339,Chuy,UY,-33.6971,-53.4616,53.47,93,26,4.76,scattered clouds
340,Torres,BR,-29.3353,-49.7269,69.82,96,44,9.06,scattered clouds
341,Krasnoselkup,RU,65.7,82.4667,-24.47,98,87,7.76,overcast clouds
342,Fatehpur,IN,25.9333,80.8,73.15,33,44,7.11,scattered clouds
343,College,US,64.8569,-147.8028,15.58,88,75,0.0,light snow
344,Vikulovo,RU,56.8167,70.6107,-9.06,96,16,4.34,few clouds
345,Matara,LK,5.9485,80.5353,85.3,62,38,10.71,scattered clouds
346,Tevriz,RU,57.509,72.4042,-7.22,87,6,5.82,clear sky
347,Ponta Do Sol,PT,32.6667,-17.1,67.71,76,33,3.27,scattered clouds
348,Pujehun,SL,7.3581,-11.7208,73.53,95,35,3.09,scattered clouds
349,Faanui,PF,-16.4833,-151.75,80.85,73,20,6.15,few clouds
350,Alta Floresta,BR,-9.8756,-56.0861,70.84,97,91,1.07,overcast clouds
351,Guerrero Negro,MX,27.9769,-114.0611,63.54,58,83,10.49,broken clouds
352,Sao Filipe,CV,14.8961,-24.4956,78.73,58,67,13.18,broken clouds
353,Jiaojiang,CN,28.6803,121.4428,68.0,67,40,12.03,scattered clouds
354,Pevek,RU,69.7008,170.3133,-28.25,100,97,4.99,overcast clouds
355,Chegdomyn,RU,51.1167,133.0167,11.05,77,96,1.25,overcast clouds
356,Gboko,NG,7.3179,8.9951,70.81,36,3,3.69,clear sky
357,Bara,NG,10.3744,10.7288,64.65,19,0,6.46,clear sky
358,Asau,RO,46.4333,26.4,36.52,90,99,1.45,overcast clouds
359,Comodoro Rivadavia,AR,-45.8667,-67.5,66.06,45,0,23.02,clear sky
360,Sitka,US,57.0531,-135.33,42.22,93,98,5.59,light rain
361,Sabha,LY,27.0377,14.4283,51.91,29,0,8.41,clear sky
362,Mogadishu,SO,2.0371,45.3438,80.47,83,40,11.5,scattered clouds
363,Manica,FR,49.0,-1.1667,49.32,94,70,15.73,broken clouds
364,Fort Nelson,CA,58.8053,-122.7002,27.95,68,20,2.3,few clouds
365,Atar,MR,20.5169,-13.0499,62.69,21,0,7.85,clear sky
366,Nouadhibou,MR,20.931,-17.0347,66.18,63,0,12.66,clear sky
367,Hermiston,US,45.8404,-119.2895,51.8,78,98,23.55,overcast clouds
368,Olafsvik,IS,64.8945,-23.7142,39.04,69,50,24.56,scattered clouds
369,Tabou,CI,4.423,-7.3528,77.5,85,1,5.57,light rain
370,Itaquyry,PY,-24.9333,-55.2167,61.57,99,20,2.64,few clouds
371,Alekseyevsk,RU,57.8406,108.3492,14.36,91,100,3.69,light snow
372,Chokwe,MZ,-24.5333,32.9833,76.03,55,27,7.14,scattered clouds
373,Klaksvik,FO,62.2266,-6.589,41.92,74,94,22.62,light rain
374,Bubaque,GW,11.2833,-15.8333,82.56,61,66,4.79,broken clouds
375,North Bend,US,43.4065,-124.2243,50.92,99,100,0.0,fog
376,Buala,SB,-8.145,159.5921,84.7,68,93,5.53,overcast clouds
377,Pangnirtung,CA,66.1451,-65.7125,-1.7,66,34,6.31,scattered clouds
378,Lahij,YE,13.1667,44.5833,74.14,64,0,7.63,clear sky
379,Saint-Pierre,RE,-21.3393,55.4781,80.28,69,0,6.91,clear sky
380,Palmer,US,42.1584,-72.3287,36.66,78,16,4.18,few clouds
381,Ulladulla,AU,-35.35,150.4667,68.38,55,72,9.44,broken clouds
382,Vila Do Maio,CV,15.1333,-23.2167,75.99,70,21,19.77,few clouds
383,Hovd,MN,48.0056,91.6419,33.53,28,98,8.68,overcast clouds
384,Thinadhoo,MV,0.5333,72.9333,81.07,76,38,10.74,scattered clouds
385,Lebedyn,UA,50.5852,34.4849,31.46,91,100,10.67,overcast clouds
386,Omboue,GA,-1.5746,9.2618,75.81,92,100,3.67,overcast clouds
387,San Juan,AR,-31.5375,-68.5364,73.18,24,3,1.72,clear sky
388,Bukachacha,RU,52.9833,116.9167,10.89,67,33,3.49,scattered clouds
389,Mount Isa,AU,-20.7333,139.5,96.57,11,40,6.91,scattered clouds
390,Fayaoue,NC,-20.65,166.5333,80.26,79,70,9.93,broken clouds
391,Port Blair,IN,11.6667,92.75,84.24,79,75,3.44,heavy intensity rain
392,Kurumkan,RU,54.3,110.3,8.46,73,71,2.01,broken clouds
393,San Pedro,PH,14.35,121.0167,90.63,67,75,8.05,broken clouds
394,Ruidoso,US,33.3317,-105.673,37.76,35,100,5.75,overcast clouds
395,Isangel,VU,-19.55,169.2667,86.11,74,71,8.05,broken clouds
396,Homer,US,59.6425,-151.5483,32.81,71,100,18.01,overcast clouds
397,Vilhena,BR,-12.7406,-60.1458,67.57,98,100,0.65,overcast clouds
398,Mitsamiouli,KM,-11.3847,43.2844,82.69,61,20,2.3,few clouds
399,Callaguip,PH,18.0714,120.4867,86.02,79,75,6.91,broken clouds
400,Dutlwe,BW,-23.9833,23.9,75.34,54,100,11.54,overcast clouds
401,Shelburne,CA,44.0787,-80.2041,32.45,89,64,7.18,broken clouds
402,Imeni Poliny Osipenko,RU,52.4201,136.4853,17.85,66,29,7.87,scattered clouds
403,Arrecife,ES,28.963,-13.5477,67.98,88,40,6.91,scattered clouds
404,Verkhnevilyuysk,RU,63.4453,120.3167,-10.88,96,96,4.83,overcast clouds
405,Sinnamary,GF,5.3833,-52.95,78.49,85,100,13.18,overcast clouds
406,Nuuk,GL,64.1835,-51.7216,13.06,87,93,8.01,overcast clouds
407,Manta,EC,-0.95,-80.7333,69.58,88,40,3.44,scattered clouds
408,Corning,US,42.1428,-77.0547,39.6,89,17,5.48,few clouds
409,Manicore,BR,-5.8092,-61.3003,72.45,98,100,1.97,overcast clouds
410,Mbanza-Ngungu,CD,-5.25,14.8667,66.52,96,94,0.47,overcast clouds
411,Maniitsoq,GL,65.4167,-52.9,17.33,79,66,9.31,broken clouds
412,Arlit,NE,18.7369,7.3853,68.45,20,100,7.11,overcast clouds
413,Shimoda,JP,34.6667,138.95,57.56,90,100,15.1,overcast clouds
414,Tisul,RU,55.7611,88.3122,2.37,82,100,15.48,overcast clouds
415,Awjilah,LY,29.1081,21.2869,58.03,62,2,9.26,clear sky
416,Bonthe,SL,7.5264,-12.505,76.37,87,59,4.61,broken clouds
417,Cidreira,BR,-30.1811,-50.2056,66.81,92,100,8.08,overcast clouds
418,Sur,OM,22.5667,59.5289,81.09,56,48,7.54,scattered clouds
419,Vila Franca Do Campo,PT,37.7167,-25.4333,64.2,93,100,0.31,light rain
420,Katsuura,JP,35.1333,140.3,57.22,88,100,23.82,heavy intensity rain
421,Mattru,SL,7.6244,-11.8332,73.06,95,53,3.22,broken clouds
422,Rey Bouba,CM,8.6724,14.1786,68.11,29,2,2.13,clear sky
423,Karratha,AU,-20.7377,116.8463,88.66,44,49,13.65,scattered clouds
424,Bethanien,NA,-26.502,17.1583,65.59,36,0,4.83,clear sky
425,Tomatlan,MX,19.9333,-105.25,71.96,85,2,2.75,clear sky
426,San Cristobal,VE,7.7669,-72.225,68.18,96,18,1.79,few clouds
427,Trairi,BR,-3.2778,-39.2689,78.06,73,58,11.25,broken clouds
428,Bengkulu,ID,-3.8004,102.2655,78.42,81,100,13.11,overcast clouds
429,Bol,TD,13.4586,14.7147,71.69,30,5,17.43,clear sky
430,Ambikapur,IN,23.1167,83.2,71.29,36,35,4.32,scattered clouds
431,Lopatyn,UA,50.2202,24.8483,28.9,97,100,7.78,overcast clouds
432,Harsum,DE,52.2104,9.9649,46.06,83,67,10.27,broken clouds
433,Okato,NZ,-39.2,173.8833,62.51,100,50,16.4,scattered clouds
434,Ler,SS,8.3018,30.1418,77.68,49,39,1.52,scattered clouds
435,Araguaina,BR,-7.1911,-48.2072,76.57,73,69,2.42,broken clouds
436,Puerto Ayacucho,VE,5.6639,-67.6236,73.85,93,79,2.75,broken clouds
437,Crestview,US,30.7621,-86.5705,60.28,83,0,1.99,clear sky
438,Kathu,TH,7.9178,98.3332,84.02,90,100,11.3,overcast clouds
439,Waitara,NZ,-38.925,174.25,63.23,62,35,19.39,scattered clouds
440,Prince Rupert,CA,54.3161,-130.3201,46.49,91,100,9.22,overcast clouds
441,Tarakan,ID,3.3,117.6333,85.5,79,40,4.61,scattered clouds
442,Kholm,RU,59.2667,32.85,24.6,92,99,7.02,overcast clouds
443,Oranjemund,NA,-28.55,16.4333,61.38,77,1,1.3,clear sky
444,Taoudenni,ML,22.6783,-3.9836,63.34,17,100,10.89,overcast clouds
445,Abadan,IR,30.3392,48.3043,60.75,77,75,2.3,haze
446,San Javier,ES,37.8063,-0.8374,62.4,66,0,8.05,clear sky
447,Wakkanai,JP,45.4094,141.6739,40.98,52,40,10.36,scattered clouds
448,Carhuamayo,PE,-10.9167,-76.0333,35.28,89,97,0.81,overcast clouds
449,Kaohsiung,TW,22.6163,120.3133,87.75,67,75,4.61,haze
450,San Andres,CO,12.5847,-81.7006,80.62,89,20,6.91,few clouds
451,Los Llanos De Aridane,ES,28.6585,-17.9182,65.95,60,100,10.36,overcast clouds
452,Lata,PT,40.1629,-8.3327,62.08,97,100,12.3,overcast clouds
453,Tura,IN,25.5198,90.2201,75.15,58,2,2.08,clear sky
454,Corato,IT,41.1455,16.4139,53.19,65,96,12.26,overcast clouds
455,Pag,HR,44.445,15.0575,45.18,76,100,18.79,overcast clouds
456,Kipini,KE,-2.5257,40.5262,80.38,80,89,10.2,light rain
457,Draguignan,FR,43.5333,6.4667,50.22,64,62,10.36,broken clouds
458,Khandyga,RU,62.6667,135.6,-32.08,99,66,0.85,broken clouds
459,Kysyl-Syr,RU,63.8986,122.7617,-10.48,97,100,0.29,overcast clouds
460,Rio Grande,BR,-32.035,-52.0986,63.07,83,67,8.79,broken clouds
461,Pleasanton,US,37.6624,-121.8747,56.37,62,76,2.17,broken clouds
462,Cabedelo,BR,-6.9811,-34.8339,74.07,74,96,12.88,overcast clouds
463,Biak,ID,-0.9131,122.8766,82.58,72,99,2.1,overcast clouds
464,Dzaoudzi,YT,-12.7887,45.2699,82.29,74,75,5.75,broken clouds
465,Jalu,LY,29.0331,21.5482,58.1,61,2,8.79,clear sky
466,Cuiluan,CN,47.72,128.648,21.96,65,100,1.16,overcast clouds
467,Salina Cruz,MX,16.1667,-95.2,74.86,75,52,15.41,broken clouds
468,The Valley,AI,18.217,-63.0578,80.46,77,4,23.96,clear sky
469,Bow Island,CA,49.8668,-111.3684,39.38,87,100,10.36,overcast clouds
470,Ciudad Bolivar,VE,8.1222,-63.5497,74.86,90,5,6.55,clear sky
471,Vostok,RU,46.4856,135.8833,24.3,64,86,1.48,overcast clouds
472,Arica,CL,-18.475,-70.3042,66.43,77,0,0.0,clear sky
473,Boa Vista,BR,2.8197,-60.6733,78.78,78,40,4.61,scattered clouds
474,Saint George,US,37.1041,-113.5841,41.79,38,1,2.55,clear sky
475,Jalalabad,AF,34.4265,70.4515,65.16,15,0,1.1,clear sky
476,Port Macquarie,AU,-31.4333,152.9167,73.89,46,3,10.78,clear sky
477,Santiago Del Estero,AR,-27.7951,-64.2615,67.15,45,0,6.46,clear sky
478,Joensuu,FI,62.6012,29.7632,18.09,86,100,5.75,overcast clouds
479,Metro,ID,-5.1131,105.3067,84.88,66,100,5.64,overcast clouds
480,Pundaguitan,PH,6.3711,126.1689,80.98,77,100,1.21,overcast clouds
481,Mama,RU,58.3106,112.8986,6.78,92,100,4.94,overcast clouds
482,Pemberton,CA,50.3164,-122.8027,41.99,98,97,3.33,overcast clouds
483,Saint-Francois,FR,46.4154,3.9054,35.67,93,0,3.44,clear sky
484,Santa Cruz,BO,-17.8,-63.1667,71.06,68,100,4.61,overcast clouds
485,Kumluca,TR,36.3703,30.2869,60.28,71,18,2.98,few clouds
486,Tucuman,AR,-26.8241,-65.2226,59.0,82,0,3.44,clear sky
487,Penzance,GB,50.1186,-5.5371,52.48,77,75,33.24,broken clouds
488,Padang,ID,-0.9492,100.3543,75.25,76,92,4.14,moderate rain
489,Gien,FR,47.6933,2.6309,42.51,95,52,9.6,broken clouds
490,Buraydah,SA,26.326,43.975,55.85,26,38,10.2,scattered clouds
491,Lahaina,US,20.8783,-156.6825,76.8,83,3,10.98,clear sky
492,Khromtau,KZ,50.2503,58.4347,28.58,98,100,13.8,light snow
493,Tuskegee,US,32.424,-85.6916,55.09,100,100,1.01,overcast clouds
494,Inverell,AU,-29.7833,151.1167,79.66,34,48,5.99,scattered clouds
495,Bodden Town,KY,19.2833,-81.25,81.93,82,57,13.06,broken clouds
496,Lamar,US,33.6668,-95.5836,47.35,83,43,5.01,scattered clouds
497,Camana,PE,-16.6228,-72.7111,67.37,82,97,6.06,overcast clouds
498,Sulphur Springs,US,33.1385,-95.6011,45.95,87,0,0.0,clear sky
499,Acajutla,SV,13.5928,-89.8275,77.76,73,30,3.94,scattered clouds
500,Petropavlovka,RU,50.6114,105.3196,16.11,71,29,2.04,scattered clouds
501,Petatlan,MX,17.5167,-101.2667,74.62,90,16,3.65,few clouds
502,Maua,BR,-23.6678,-46.4614,68.36,90,100,2.64,light rain
503,Abomsa,ET,9.9833,39.9833,69.94,45,91,1.79,overcast clouds
504,Kavaratti,IN,10.5669,72.642,79.77,51,34,3.36,scattered clouds
505,Anadyr,RU,64.75,177.4833,-19.7,76,0,4.47,clear sky
506,Nabire,ID,-3.3667,135.4833,79.09,89,100,2.33,overcast clouds
507,Atherton,GB,53.5237,-2.4935,44.29,94,73,1.99,broken clouds
508,Nemuro,JP,43.3236,145.575,41.29,56,58,7.05,broken clouds
509,Mgandu,TZ,-5.95,34.1333,66.67,72,99,6.15,overcast clouds
510,Fremont,US,37.5483,-121.9886,58.05,65,0,1.01,clear sky
511,Sao Felix Do Xingu,BR,-6.6447,-51.995,71.53,93,74,0.6,broken clouds
512,Merauke,ID,-8.4667,140.3333,84.9,74,100,9.42,overcast clouds
513,Praia Da Vitoria,PT,38.7333,-27.0667,61.05,94,75,10.29,broken clouds
514,Varkkallai,IN,8.7341,76.7067,85.78,59,23,7.09,few clouds
515,Akyab,MM,20.15,92.9,82.29,56,1,6.78,clear sky
516,Benemerito De Las Americas,MX,16.5167,-90.6439,68.49,99,89,1.19,overcast clouds
517,U Thong,TH,14.3751,99.8923,86.68,65,54,9.15,broken clouds
518,Khasan,RU,42.4308,130.6434,42.85,69,100,6.04,light rain
519,Iralaya,HN,15.0,-83.2333,78.21,86,84,10.0,light rain
520,Tiarei,PF,-17.5333,-149.3333,78.82,86,100,14.43,overcast clouds
521,Vanavara,RU,60.34,102.2797,-1.03,96,100,10.56,light snow
522,Toyooka,JP,35.5333,134.8333,55.45,100,75,1.14,fog
523,Dhanwar,IN,24.4167,85.9833,74.17,34,10,7.92,clear sky
524,Iwanai,JP,42.9744,140.5089,43.74,58,100,1.97,overcast clouds
525,Yar-Sale,RU,66.8333,70.8333,0.61,96,100,9.8,overcast clouds
526,Fallon,US,39.4735,-118.7774,42.87,28,92,5.79,overcast clouds
527,Jaunjelgava,LV,56.6167,25.0833,21.58,92,19,2.98,few clouds
528,Portland,US,45.5234,-122.6762,51.28,91,73,5.99,broken clouds
529,Shihezi,CN,44.3,86.0333,38.75,70,100,0.96,overcast clouds
530,Kuryk,KZ,43.2,51.65,54.32,80,100,0.56,overcast clouds
531,Loa Janan,ID,-0.583,117.095,93.74,48,62,1.43,broken clouds
532,Pascagoula,US,30.3658,-88.5561,57.92,88,100,6.73,overcast clouds
533,Sangar,RU,63.9242,127.4739,-18.51,95,100,2.59,overcast clouds
534,Santa Maria Do Para,BR,-1.3503,-47.5756,75.9,91,89,4.88,overcast clouds
535,Saint-Lo,FR,49.1162,-1.0903,46.83,91,77,18.32,broken clouds
536,Gornopravdinsk,RU,60.05,69.9,-16.11,96,6,3.11,clear sky
537,Faya,SA,18.3851,42.4509,48.72,51,2,1.54,clear sky
538,Pacifica,US,37.6138,-122.4869,57.72,85,20,16.11,few clouds
539,Mackay,AU,-21.15,149.2,88.68,73,82,14.85,broken clouds
540,Klerksdorp,ZA,-26.8521,26.6667,66.06,59,36,6.42,scattered clouds
541,Lukulu,ZM,-14.3707,23.242,67.71,86,97,0.34,light rain
542,Selimpasa,TR,41.0558,28.379,64.69,61,88,15.86,overcast clouds
543,Verkh-Usugli,RU,52.7,115.1667,12.34,65,15,3.4,few clouds
544,Cascais,PT,38.6979,-9.4215,65.52,91,98,15.99,overcast clouds
545,Hambantota,LK,6.1241,81.1185,84.54,74,20,8.05,few clouds
546,Gizo,SB,-8.103,156.8419,85.71,64,22,5.59,few clouds
547,Khangarh,PK,29.9173,71.1618,64.47,22,1,6.46,clear sky
548,Bandarbeyla,SO,9.4942,50.8122,78.87,69,52,15.93,broken clouds
549,Tekeli,KZ,44.83,78.8239,31.55,92,100,4.21,overcast clouds
550,Shediac,CA,46.2198,-64.5411,28.36,57,100,6.93,overcast clouds
551,Rumford,US,44.5537,-70.5509,31.3,58,100,2.24,overcast clouds
552,Bambanglipuro,ID,-7.95,110.2833,83.25,70,100,5.99,overcast clouds
553,Inirida,CO,3.8653,-67.9239,73.65,95,67,3.27,broken clouds
554,Estacion Coahuila,MX,32.1939,-115.0017,59.38,14,11,9.28,few clouds
555,Parana,AR,-31.732,-60.5238,62.55,95,4,6.06,clear sky
556,Bama,NG,11.5221,13.6856,63.77,39,39,3.49,scattered clouds
557,Taybad,IR,34.74,60.7756,57.87,21,0,1.9,clear sky
558,Mayumba,GA,-3.432,10.6554,76.1,88,93,4.68,overcast clouds
559,Point Pleasant,US,40.0832,-74.0682,42.03,73,0,1.99,clear sky
560,Vardo,NO,70.3705,31.1107,28.38,86,85,12.66,overcast clouds
